name,prior_mean,prior_stdev,prior_lower_bound,prior_upper_bound,post_mean,post_stdev,post_lower_bound,post_upper_bound
FR11C13,17.8837,2.88803,12.1076,23.6598,19.3918,0.573672,18.2445,20.5392
FR20C14,16.3697,2.56221,11.2453,21.4941,17.6167,0.605675,16.4054,18.8281
FR26C10,18.3304,4.17814,9.97414,26.6867,21.6093,0.441234,20.7268,22.4918
FR29C6,19.4053,4.96151,9.48232,29.3284,23.7364,0.417386,22.9016,24.5712
FR34C12,14.3769,4.17807,6.02079,22.7331,14.6801,1.8017,11.0767,18.2835
FR9C16,16.5507,2.90155,10.7476,22.3538,17.9785,1.32436,15.3297,20.6272
